{
    "tableHeader":[
        "loginId",
        "name",
        "customerKey",
        "emailAddress",
        "status"

    ],
    
    
    
    
    
    "tabledta" : [
        {
            "loginId": "loginid1",
            "name": "name1",
            "customerKey": "customerKey1",
            "emailAddress": "emailAddress1",
            "status": "status1"
        },
        {
            "loginId": "loginid2",
            "name": "name2",
            "customerKey": "customerKey2",
            "emailAddress": "emailAddress2",
            "status": "status2"
        },
        {
            "loginId": "loginid3",
            "name": "name3",
            "customerKey": "customerKey3",
            "emailAddress": "emailAddress3",
            "status": "status3"
        },
        {
            "loginId": "loginid4",
            "name": "name4",
            "customerKey": "customerKey4",
            "emailAddress": "emailAddress4",
            "status": "status4"
        }
    ]


}